<?xml version="1.0" standalone="yes"?>  <DATAPACKET Version="2.0"><METADATA><FIELDS><FIELD attrname="FirstName" fieldtype="string" WIDTH="30"/><FIELD attrname="LastName" fieldtype="string" WIDTH="30"/><FIELD attrname="Address1" fieldtype="string" WIDTH="100"/><FIELD attrname="Address2" fieldtype="string" WIDTH="100"/><FIELD attrname="Zip" fieldtype="string" WIDTH="10"/><FIELD attrname="City" fieldtype="string" WIDTH="50"/><FIELD attrname="Country" fieldtype="string" WIDTH="30"/><FIELD attrname="Telephone" fieldtype="string" WIDTH="20"/><FIELD attrname="Title" fieldtype="string" WIDTH="10"/></FIELDS><PARAMS CHANGE_LOG="1 0 4 2 0 4 3 0 4 4 0 4 5 3 8 6 4 8 7 5 8 6 0 2 7 0 2"/></METADATA><ROWDATA><ROW RowState="4" FirstName="Michael" LastName="Van Canneyt" Address1="Gemeentestraat 163" Zip="3010" City="Kessel-Lo" Country="Belgium" Telephone="" Title="Mr."/><ROW RowState="4" FirstName="Rosa" LastName="Riebl" City="Luvigny" Country="France" Title="Mrs."/><ROW RowState="5" FirstName="BERND" LastName="kr"/><ROW RowState="5" FirstName="Lukas" LastName="Wacker"/><ROW RowState="13" FirstName="BERND" LastName="Kromer"/><ROW RowState="14" FirstName="Lukas" LastName="Wacker" Address1="ETH" Zip="CH-123" City="Z�rich"/><ROW RowState="14" FirstName="BERND" LastName="Kromer" Address1="Handschuhsheimer Landstr. 71-1" Zip="69121" City="Heidelberg"/></ROWDATA></DATAPACKET>